Model,Accuracy,Precision,Recall,F1-Score
Logistic Regression,0.9665983606557377,0.9608150470219435,0.9660063034669067,0.9634036820835205
Decision Tree,0.9890368852459016,0.9764783468894263,1.0,0.9880992103214326
Neural Network,0.9763319672131148,0.9566254608544784,0.9930211616389014,0.9744835965978129
